C,validation_accuracy,validation_macro_f1
0.01,0.6636155606407322,0.6592340904257549
0.03,0.6636155606407322,0.6575598638762549
0.1,0.6636155606407322,0.6575598638762549
0.3,0.6636155606407322,0.6575598638762549
1.0,0.6636155606407322,0.6575598638762549
3.0,0.6636155606407322,0.6575598638762549
10.0,0.6636155606407322,0.6575598638762549
